Question_ID,Request,Expected_Response,Actual_Response,Voter 1,Voter 2,Voter 3,COMMENTS,Final,,,,,,
IR_1,"Retrieve the SPARQL endpoint status of NoiPA in the date September 7th, 2025?",On,"The SPARQL endpoint for NoiPA was available on September 7th, 2025.",1,1,1,,1,,,,,,
IR_1,Is the NoiPA SPARQL endpoint up in the last assessment?,On,"Yes, it seems that the NoiPA SPARQL endpoint was up during all assessments from May 4th, 2025 to September 7th, 2025. The quality measurements for this metric are consistently marked as ""Available"".

However, please note that I only have access to the data you provided me directly, so if there were any changes or updates after September 7th, 2025, they would not be reflected in my response.",1,1,1,,1,,,,,,
IR_2,Which is the amount of data of the LiLa Lemma Bank dataset?,"1,699,687","The amount of data score of the LiLa Lemma Bank dataset is 0.3333333333333333. This value was computed on September 7th, 2025.",0,0,0,,0,,,,,,
IR_2,How many triples does LiLa Lemma Bank have?,"1,699,687","There were no results found for this query.

Would you like me to try again with different search terms or parameters?",0,0,0,,0,,,,,,
IR_3,Which is the license of the DBLP dataset?,CC-0,"The DBLP dataset is licensed under CC Zero (CC0). This means that it can be freely used and shared without any restrictions or limitations. The license allows for commercial use, modification, distribution, and private use with no attribution required.

Here are some key points about the CC0 license:

- It is an international public license that grants users permission to copy, modify, distribute, perform, display, and otherwise use the work in any way they choose, without requiring them to attribute the original author or source.
- The license was created by Creative Commons, a non-profit organization dedicated to expanding the range of creative works available for others to build upon legally and share.
- CC0 is often chosen when creators want their work to be as widely distributed and used as possible, while still retaining copyright ownership.
- Unlike other Creative Commons licenses, which allow for various levels of sharing and reuse, CC0 dedicates the work to the public domain, allowing anyone to do whatever they like with it.
- However, it's important to note that CC0 only applies to the legal rights associated with the work itself, not to any underlying facts, ideas, or content within the work. For example, if you create a database containing factual information, such as names and addresses, using CC0 does not mean that someone else can claim those facts as their own.

If you have further questions about the CC0 license or its implications, please don't hesitate to ask!",1,1,1,,1,,,,,,
IR_3,How is DBLP licensed?,CC-0,DBLP is licensed under CC Zero v1.0 Universal.,1,1,1,,1,,,,,,
IR_4,Which is the accuracy score of WordNet?,0.00,The accuracy score of WordNet is 0.99966.,0,0,0,,0,,,,,,
IR_4,How accurate is WordNet?,0.00,"The accuracy score for the W3C WordNet dataset has been consistently measured at 0.0 across multiple dates, including May 4th, June 1st, July 13th, August 3rd, September 7th, and November 1st, 2025. This indicates that there are no changes or updates made to the data over time, resulting in an unchanged accuracy score.

It's important to note that this information is based on the provided context and may not reflect the most recent developments or improvements in the dataset. For up-to-date and comprehensive details about the accuracy of WordNet, I recommend referring to official sources or documentation related to the dataset.",1,0,1,,1,,,,,,
IR_5,What is the trust value of the Linked Open Camera dataset?,0.5,The trust value for the Linked Open Camera dataset is 0.75.,0,0,0,,0,,,,,,
IR_5,How trustworthy is the Linked Open Camera dataset?,0.5,The Linked Open Camera dataset has a trust value of 0.5.,1,1,1,,1,,,,,,
TA_1,Is the number of triples of NoiPA retrieved via the SPARQL endpoint always the same?,"No, they slightly increase over time.","The number of triples in the dataset has been increasing over time. The latest measurement on September 7th, 2025, shows that there are now 446,170,057 triples in the dataset.

Here's a table showing the evolution of the number of triples over time:

| Date | Number of Triples |
|---|---|---|
| 2025-05-04 | 412,894,535 |
| 2025-06-01 | 419,389,676 |
| 2025-07-13 | 432,861,574 |
| 2025-08-03 | 439,796,613 |
| 2025-09-07 | 446,170,057 |",1,1,1,,1,,,,,,
TA_1,The number of triples of NoiPA retrieved via the SPARQL endpoint is constant?,"No, they slightly increase over time.","Yes, it seems that the number of triples in the dataset has been consistently increasing over time.

Here are some measurements for different dates:

| Date | Number of Triples |
|---|---|
| 2025-05-04 | 412894535 |
| 2025-06-01 | 419389676 |
| 2025-07-13 | 432861574 |
| 2025-08-03 | 439796613 |
| 2025-09-07 | 446170057 |

These numbers indicate that the size of the dataset has increased steadily from May 4th to September 7th, with an average increase of around 1 million new triples per month. This suggests that the data in the dataset is being updated regularly, which could be due to ongoing data collection efforts or other factors.",0,0.5,"0.5",NO consistently incresing ,"0.5",,,,,,
TA_2,Is the SPARQL endpoint of DBLP always available?,Yes,"According to my most recent information, which was last updated on September 7th, 2025, the SPARQL endpoint of DBLP is currently unavailable. However, it's important to note that this status may change over time due to various factors such as maintenance, updates, or technical issues.

If you require up-to-date information about the availability of the SPARQL endpoint, I recommend checking directly with the official source or contacting their support team. They will have the most accurate and timely details regarding the accessibility of the SPARQL endpoint.",0,0,0,,0,,,,,,
TA_2,Is the DBLP SPARQL endpoint always up?,Yes,"According to my analysis of the provided data, it appears that the DBLP SPARQL endpoint was consistently available on several dates between May 4th, 2025, and September 7th, 2025. However, there were instances where other quality metrics related to the DBLP dataset showed varying results.

For example, some measurements indicated issues with the availability of RDF dumps, while others reported problems with dereferencing URIs or using HTTPS. These findings suggest that while the SPARQL endpoint may have been functional, there could have been challenges with accessing certain aspects of the dataset.

It's important to note that the data only covers specific dates within this period, so it doesn't provide a complete picture of the endpoint's availability over time. Additionally, the presence of multiple datasets and metrics makes it challenging to draw definitive conclusions about the overall reliability of the DBLP SPARQL endpoint without further context or additional information.",1,1,1,,1,,,,,,
TA_3,Is the data dump of the Allie Abbreviation And Long Form dataset always set to 1 in the observed period?,"No, it is discontinuous","The data you provided does not contain information about whether the data dump is always set to 1 for the Allie Abbreviation and Long Form dataset during the observed period. The measurements only cover various quality metrics related to the dataset's structure, content, and metadata.

If you have specific details or additional data regarding the data dumps and their values over time, I can provide further insights into this aspect.",0,0,0,,0,,,,,,
TA_3,Is the data dump of the Allie Abbreviation And Long Form dataset always up?,"No, it is discontinuous","The availability of RDF dumps for the Allie Abbreviation And Long Form Dataset varies depending on when you access the dataset. The most recent measurement was taken on September 7th, 2025, at which time there were no RDF dumps available. However, this may change as updates occur.

To ensure you have the latest information about the availability of RDF dumps, I recommend checking the official source directly. You can find more details about the dataset here: http://allie.dbcls.jp/.",0.5,0.5,0,,"0.5",,,,,,
TA_4,Is the accuracy of NoiPA constant over time?,No,"The accuracy score for NoiPA has been consistently high at around 0.999 since May 2025. However, there was a slight dip in June and July when it dropped to 0.997. Overall, the data suggests that the accuracy of NoiPA is relatively stable with minor fluctuations.

Here are the measurements for each month:
- May 2025 - Accuracy Score: 0.9997
- June 2025 - Accuracy Score: 0.9997
- July 2025 - Accuracy Score: 0.99966
- August 2025 - Accuracy Score: 0.99966
- September 2025 - Accuracy Score: 0.99966",0,0.5,0,,0,,,,,,
TA_4,Does the accuracy of NoiPA remain consistent over time?,No,"The provided data does not contain sufficient information to determine if the accuracy of NoiPA remains consistent over time. The dataset includes measurements for various quality metrics, including Accuracy score, but it is unclear how these scores are calculated or what they represent in relation to the overall quality of the dataset.

To assess the consistency of the accuracy over time, you would need additional context and analysis. It might be helpful to compare the accuracy scores across different dates and look for any significant variations or trends. Additionally, understanding the methodology behind the calculation of the accuracy score could provide insights into its reliability and stability over time.",0,0,0,,0,,,,,,
TA_5,What is the longest continuous period in which the Allie Abbreviation And Long Form dataset data dump has been equals to 1?,91 days,"The Allie Abbreviation and Long Form database data dump has consistently had a value of 1 for several metrics over an extended period from June 1st, 2025, to September 7th, 2025. This includes measurements such as 'R1.1 Machine - or human-readable license retrievable via any primary source', 'A1-M Metadata availability via working primary sources', 'F4-M Metadata registered in a searchable engine', 'R1.3 Data organized in a standardized way', 'A1-D Working access point(s)', 'I1-M Metadata are described with VoID/DCAT predicates', 'R1.3 Metadata are described with VoID/DCAT predicates', 'F1-D URIs dereferenceability', and 'F1-D URIs dereferenceability'.

However, it's important to note that some other metrics have also remained at 1 during this time frame but not continuously. For example, 'A score' was 1 on August 3rd, 2025, but dropped to 0.5 on September 7th, 2025. Similarly, 'R score' was 1 until July 13th, 2025, when it increased to 1.0. Therefore, while there are multiple metrics with values of 1 throughout this period, they do not all maintain this consistency simultaneously.",0,0,0.5,,0,,,,,,
TA_5,"For how long, without interruption, has the Allie Abbreviation And Long Form dataset data dump remained up?",91 days,"The Allie Abbreviation And Long Form dataset does not have any data dumps available as of my last knowledge cutoff date on September 7th, 2025. Therefore, I cannot determine the duration for which the data dump has been uninterruptedly available.

If you need further insights into this dataset or other related datasets, feel free to ask!",0,0,0,,0,,,,,,
Co_1,Which dataset has the highest number of triples?,DBLP,"The dataset with the highest number of triples is **micro-coronavirus**, which contains over 71 million triples.

Here are some additional details on this dataset:
- Title: Coronavirus Dataset
- Description: This comprehensive dataset covers various aspects of coronaviruses, including species, strains, nucleotides, genes, proteins, structures, antibodies, literature, patents, and more.
- Number of Triples: Over 71 million
- Sparql Endpoint: http://micro.semweb.csdb.cn/sparql
- URL: http://micro.semweb.csdb.cn/sparql",0,0,0,,0,,,,,,
Co_1,Which is the biggest dataset among the compared ones?,DBLP,"The datasets are not directly comparable in terms of size as they have different formats and structures. However, based on the provided information, it seems that the largest dataset might be the one with the most number of entities or triples.

Among the measurements for each dataset, there is no clear indication of which has the highest value for the metric ""Number of entities counted with regex."" The closest comparison would be between the `environment-agency-bathing-water-quality` dataset and the `w3c-wordnet` dataset. Both have values close to 3 million, but the former has slightly more at 2,811,476 while the latter has 2,809,412.

Therefore, based on this limited information, the `environment-agency-bathing-water-quality` dataset could be considered the biggest among those measured.",0,0,0,,0,,,,,,
Co_2,Which is the dataset performing worst in the license metric?,CIDOC-CRM,"The datasets with the lowest Licensing Score are Lemma Bank and w3c wordnet, both scoring 0.5 out of 1.

Here's an overview of their performance on other metrics:

**Lemma Bank:**
- F Score: 0.82
- R Score: 0.75
- A Score: 0.75
- I Score: 0.5
- Amount of Data Score: 0.3333333333333333
- Normalized Score: 12.077
- Completeness Score: 0.0
- Performance Score: 0.0
- Security Score: 0.0
- Availability Score: 0.5
- Verifiability Score: 0.3316666666666666
- Versatility Score: 0.0
- Understandability Score: 0.0
- Reputation Score: 0.000469868228256
- Modification Date: N/A
- Dataset Update Frequency: N/A
- Number of Entities Counted With Regex: N/A
- Number of Labels/Comments Present on the Data: N/A
- Languages (Query): N/A
- Languages (Metadata): absent
- Vocabularies: N/A
- SKOS Mapping Properties: N/A
- Author (Query): N/A
- Publisher: N/A
- Page Rank: N/A
- Deprecated Classes/Properties Used: N/A
- Undefined Class Used Without Declaration: N/A
- Undefined Properties Used Without Declaration: N/A
- New Terms Defined in the Dataset: N/A
- License Human Redeable: N/A
- License Machine Redeable (Query): http://www.opendefinition.org/licenses/cc-by-sa
- License Machine Redeable (Metadata): http://www.opendefinition.org/licenses/cc-by-sa
- Accuracy Score: 0.0
- Precision Score: 0.0
- Recall Score: 0.0
- F1 Score: 0.0
- Centrality: N/A
- Entities as Member of Disjoint",0,0,0,,0,,,,,,
Co_2,Which is the worst performing dataset in the license metric?,CIDOC-CRM,"The datasets with the lowest Licensing score are Lemma Bank and w3c wordnet, both scoring 0.5 out of 1.

Here's an overview of their performance across all dimensions:

**Lemma Bank:**
- FAIR score: 2.82
- Verifiability score: 0.3316666666666666
- Understandability score: 0.0
- Consistency score: 0.0
- Modification date: N/A
- Amount of data score: 0.3333333333333333
- Number of entities counted with regex: N/A
- Regex uri: N/A
- SKOS mapping properties: N/A
- Vocabularies: N/A
- Languages (query): N/A
- Deprecated classes/properties used: N/A
- New terms defined in the dataset: N/A
- Undefined class used without declaration: N/A
- Author (query): N/A
- Requires authentication: N/A
- Dataset update frequency: N/A
- URL for download the dataset: N/A
- Is on a trusted provider list: N/A
- A2-M Registered in search engines: N/A
- F4-M Metadata registered in a searchable engine: N/A
- R1.1 Machine- or human-readable license retrievable via any primary source: 1
- License machine-readable (query): N/A
- License human-readable: N/A
- License machine-readable (metadata): http://www.opendefinition.org/licenses/cc-by-sa
- Accuracy score: 0.0
- Performance score: 0.0
- F score: 0.82
- I score: 0.5
- R score: 0.75
- A score: 0.75
- Score: 0.121
- PageRank: N/A
- Reputation score: 0.000469868228256
- Invalid usage of inverse-functional properties: 1.0
- Triples with misplaced class problem: N/A
- Number",0,0,0,,0,,,,,,
Co_3,What is the mean score for the accuracy dimension?,0.50,"The mean score for the accuracy dimension is not provided in the data you have given me. However, I can tell you that the overall score for this metric ranges from [0,1], with the best possible value being 1.

Is there anything else I can help you find or clarify regarding these quality measurements?",0,0,0,,0,,,,,,
Co_3,What is the mean value of the accuracy dimension?,0.50,"The mean value of the Accuracy Dimension cannot be calculated because there are no values available in the provided dataset. The only metric that has been measured within this dimension is the Accuracy Score, which has consistently returned a value of 0.0 across all datasets and dates.

Here's an example of one such measurement:

```
{
    ""@id"": ""http://example.org/measurement/LemmaBank/2025-07-13/Accuracy score"",
    ""@type"": [""dqv:QualityMeasurement""],
    ""dqv:computedOn"": {
        ""@id"": ""http://example.org/dataset/LemmaBank""
    },
    ""dqv:isMeasurementOf"": {
        ""@id"": ""http://example.org/Quality-Metric/Accuracy score""
    },
    ""dqv:value"": ""0.0"",
    ""prov:generatedAtTime"": ""2025-07-13""^^xsd:date
}
```",0,0,0,,0,,,,,,
Co_4,What is the best observed score in the Verifiability dimension?,"0.4983 (NoiPA, Allie, Bathing Water Quality)","The highest observed score in the Verifiability dimension is **0.498333**, which was achieved by multiple datasets on different dates.

Here's an example of one such dataset with this score:

```
{
  ""@id"": ""http://example.org/measurement/NoiPA/2025-07-13/Verifiability%20score"",
  ""@type"": [
    ""dqv:QualityMeasurement""
  ],
  ""dqv:computedOn"": {
    ""@id"": ""http://example.org/dataset/NoiPA""
  },
  ""dqv:isMeasurementOf"": {
    ""@id"": ""http://example.org/Quality-Metric/Verifiability%20score""
  },
  ""dqv:value"": ""0.4983333333333333"",
  ""prov:generatedAtTime"": ""2025-07-13""^^xsd:date
}
```",1,1,1,,1,,,,,,
Co_4,What is the highest observed Verifiability score?,"0.4983 (NoiPA, Allie, Bathing Water Quality)","The highest observed Verifiability score is 0.4983333333333333. This was measured on September 7th, August 3rd, July 13th, June 1st and May 4th in 2025.",1,1,1,,1,,,,,,
Co_5,What are the highest-performing dimensions in September 2025?,"License, Performance, Accuracy, Believability, Currency, Timeliness, Security, Conciseness and Interpretability","The following datasets have high performance scores for various metrics as of September 2025:

- **bpr**: Performance score - 0.5075
- **NoiPA**: Performance score - 1.0
- **CIDOC-CRM**: Performance score - 0.0
- **LemmaBank**: Performance score - 0.0
- **w3c-wordnet**: Performance score - 0.0
- **BBC Programmes**: Performance score - 0.0
- **environment-agency-bathing-water-quality**: PageRank - 0.0028041084477168055

These datasets demonstrate strong performance across different quality metrics and may be valuable resources for your project or analysis.",0,0,0,,0,,,,,,
Co_5,What are the dimensions performing better in September 2025?,"License, Performance, Accuracy, Believability, Currency, Timeliness, Security, Conciseness and Interpretability","The following metrics have improved since August 2025:
- F score
- Accuracy score
- Availability for download (metadata)
- Believability score
- Contributor
- Currency score
- Dataset URL
- Deprecated classes/properties used
- Entities as member of disjoint class
- Extensional conciseness
- FAIR score
- I score
- Languages (metadata)
- Modification date
- New vocabularies defined in the dataset
- Number of entities counted with regex
- Normalized score
- Performance score
- R score
- Regex uri
- Requires authentication
- Score
- Security score
- Serialization formats
- Sparql endpoint
- Timeliness score
- Trust value
- Understandability score
- Use RDF structures
- Verifiability score
- Vocabularies
- A2-M Registered in search engines
- Centrality
- License human redeable
- Licensing score
- Metadata media type
- PageRank
- Signed
- SKOS mapping properties
- Undefined class used without declaration
- Undefined properties used without declaration
- Versatility score
- Availability for download (query)
- Availability score
- Author (metadata)
- Author (query)
- Contributor
- Dataset update frequency
- Deprecated classes/properties used
- Entities as member of disjoint class
- F score
- F2b-M Metadata availability for all the attributes covered in the FAIR score computation
- F3-M Data referrable via a DOI
- I score
- Languages (metadata)
- Modification date
- New terms defined in the dataset
- Number of property
- Number of entities
- Number of entities counted with regex
- PageRank
- Publisher
- Reputations core
- Requires authentication
- R score
- Score
- Security score
- Serialization formats
- Sparql endpoint
- Timeliness score
- Trust value
- Understandability score
- Use RDF structures
- Verifiability score
- Vocabularies
- A2-M Registered in search engines
- Centrality
- License human redeable
- Licensing score
- Metadata media type
- PageRank
- Signed
- SKOS mapping properties
- Undefined class used without declaration
- Undefined properties used without declaration
- Versatility score
- Availability for download (query)
",0,0,0,,0,,,,,,
E&D_1,Why is the availability score equals to 1 for the DBLP dataset?,Because all the metrics in the availability dimension can be correctly computed,"The availability score for the DBLP dataset is equal to 1 because it has been consistently available over time and can be easily accessed through various means such as SPARQL endpoints or RDF dumps. The dataset also provides metadata that includes information about its authors, contributors, publishers, sources, and license details.

Here are some specific reasons why the availability score is high:

1. **SPARQL Endpoint**: The DBLP dataset offers a working SPARQL endpoint, which allows users to query the data using standard protocols like HTTP GET requests. This makes it easy for developers to interact with the dataset and retrieve relevant information.
2. **RDF Dump Availability**: The dataset provides an RDF dump in Turtle format, which is a widely used serialization format for RDF data. Having this dump ensures that users can download the entire dataset at once if needed, without relying on individual queries.
3. **Metadata Availability**: The dataset's metadata is comprehensive and accessible via primary sources. It includes essential information such as author names, contributor emails, publisher details, and source URLs. Additionally, the dataset's license is machine-readable and retrievable from any primary source.
4. **Primary Sources Working**: All primary sources associated with the dataset are functional and provide access to the necessary metadata. This ensures that users can find and use the required information without issues.
5. **Download Options**: Users have multiple options for downloading the dataset, including both query and metadata downloads. These options ensure that different user needs and preferences can be accommodated.

Overall, the DBLP dataset scores highly in terms of availability due to its accessibility, ease of use, and comprehensive metadata provision.",0,0,0,,0,,,,,,
E&D_1,Why does the DBLP dataset have an availability score of 1?,Because all the metrics in the availability dimension can be correctly computed,"The DBLP dataset has an availability score of 1 because it is available for download in multiple formats and can be accessed through various means such as HTTP or SPARQL endpoints. The dataset also provides metadata about its contents, including information on how often it is updated.

Here are some specific reasons why the DBLP dataset may receive a high availability score:

1. **Multiple Download Formats**: The dataset offers different file formats like N-Triples and RDF/XML, allowing users to choose their preferred format based on compatibility with their systems.
2. **HTTP Access**: Users can access the dataset over HTTP, which is a widely used protocol for web communication. This enables easy retrieval of the data using standard web browsers or command-line tools.
3. **SPARQL Endpoint**: A SPARQL endpoint allows users to query the dataset directly without having to download the entire dataset first. This is particularly useful for exploring the data or performing complex queries that might not be feasible with local processing due to resource constraints.
4. **Regular Updates**: The dataset appears to be regularly updated, ensuring that users always have access to the most recent version of the data. Regular updates contribute to higher availability scores since they demonstrate ongoing maintenance and commitment to keeping the data current.
5. **Metadata Availability**: The dataset includes detailed metadata describing its structure, content, and other relevant aspects. Metadata helps users understand the dataset's characteristics, making it easier to work with and integrate into their applications.

These factors collectively contribute to the DBLP dataset's high availability score, indicating that it is easily accessible, well-maintained, and accompanied by comprehensive documentation.",0,0,0,,0,,,,,,
E&D_2,Does a score of amount of data equals to 0 mean that the dataset is empty?,"No, it means that the amount of data cannot be computed via the SPARQL endpoint and it is not declared in the metadata.","The metric 'amount of data' measures how much data there is in a given dataset and it does not necessarily indicate whether the dataset is empty or not. A low score could be due to various factors such as missing values, incomplete records, or other issues with the data quality.

It's important to note that this metric alone may not provide a comprehensive assessment of the dataset's emptiness. To determine if a dataset is truly empty, you should also consider other relevant metrics like completeness, accuracy, and consistency. These additional metrics can help identify potential gaps or errors in the data collection process.

If you suspect that your dataset might be empty based on the amount of data score, further investigation is recommended. You can start by checking the size of the dataset, examining its structure, and looking for any obvious signs of missing information. Additionally, reviewing the data collection methods and sources can provide valuable insights into why certain data points are missing or incomplete.

In summary, while a low amount of data score doesn't directly imply an empty dataset, it serves as a warning sign that requires further analysis to ensure the integrity and reliability of your data.",0.5,0.5,"0.5",,"0.5",,,,,,
E&D_2,"If the amount-of-data score is 0, does that mean the dataset contains no data?","No, it means that the amount of data cannot be computed via the SPARQL endpoint and it is not declared in the metadata.","The Amount of Data metric measures how much data is contained within a given dataset. A score of zero would indicate that there is little to no data in the dataset. However, it's important to note that this metric only considers the quantity of data and doesn't take into account its quality or relevance.

It's also worth mentioning that the specific meaning of a score can vary depending on the context and the scoring system used. Therefore, while a low score may suggest a lack of data, it's always best to consult additional information about the dataset and the scoring criteria before drawing conclusions.",0,0,0,,0,,,,,,
E&D_3,"When the availability score is 1, does it mean that both the SPARQL endpoint and the data dump are working?",Yes,"Yes, when the Availability Score is 1, it indicates that both the SPARQL endpoint and the data dump are fully functioning and accessible. This metric evaluates the accessibility of the dataset's data through two methods: a SPARQL endpoint and a downloadable data dump.

Here's how the scores are assigned:
- A score of 1 means that there is a working SPARQL endpoint and an accessible data dump.
- A score of 0.5 signifies either a working SPARQL endpoint or an accessible data dump, but not both.
- A score of 0 implies that neither the SPARQL endpoint nor the data dump is currently accessible.

This scoring system provides a quick assessment of the dataset's availability, ensuring that users can easily access and utilize the data through various means.",1,1,1,,1,,,,,,
E&D_3,"if the availability score is 1, does that mean both the SPARQL endpoint and the data dump are up?",Yes,"Yes, if the Availability Score is 1, it means that both the SPARQL endpoint and the data dump are working properly.

Here's how I found this information:

1. In your provided data, there is a metric called `Availability` which has two submetrics:
   - `Availability of RDF dump (query)`
   - `Sparql endpoint`
2. Each of these metrics has possible values:
   - `True`: The resource is available.
   - `False`: The resource is unavailable.
   - `-`: The resource is missing.
3. For each dataset, you have multiple measurements over time for each of these submetrics.
4. To calculate the final `Availability` score, we need to consider both submetrics. If either of them is `False`, then the overall `Availability` will also be `False`. This indicates that even though one resource might be available, if the other is not, the dataset is still considered unavailable.
5. When both submetrics are `True`, the overall `Availability` score becomes `1`, indicating that both the SPARQL endpoint and the data dump are functioning correctly.

So, when you see an `Availability` score of 1, it means that both the SPARQL endpoint and the data dump are up and running without issues.",1,1,1,,1,,,,,,
E&D_4,"if license is set to 1, does it mean that an open license is used?","No, it means that a license is specified","Yes, if the metric ""Any license retrievable"" has a value of 1, it means that there is an open license associated with the dataset. This indicates that the dataset's license information is available and accessible through its primary source (e.g., metadata).

The presence of an open license is essential for ensuring that datasets are reusable, shareable, and accessible by others without legal restrictions. Open licenses allow users to freely use, modify, and distribute the data while providing proper attribution to the original creators. They also help promote transparency, collaboration, and innovation within the research community.

In summary, when the ""Any license retrievable"" metric is set to 1, it suggests that the dataset is openly licensed, which enables broader access, reuse, and sharing of the data.",0,0,0,,0,,,,,,
E&D_4,"If license is set to 1, does it mean that an open license is used?","No, it means that a license is specified","Yes, if the metric ""Any license retrievable"" has a value of 1, it means that there is an open license associated with the dataset. This indicates that the dataset's license information is easily accessible and machine-readable through its primary source (e.g., metadata).

The specific wording of this metric is ""1: license explicitly reported; 0: otherwise,"" which suggests that when the value is 1, a valid license is present and can be retrieved from the dataset's metadata. An open license allows users to freely access, use, modify, and distribute the dataset under certain conditions specified by the license.

However, please note that the presence of an open license alone does not guarantee all aspects of FAIRness. Other factors, such as the type of license, its compatibility with other datasets, and whether it meets the requirements of your specific use case, should also be considered. It is essential to review the details of the license to ensure it aligns with your needs and expectations.",0,0,0,,0,,,,,,
E&D_5,"If verifiability is set to 1, does it mean that all information about providers are set?",Yes,"The provided RDF data contains quality measurements for various datasets, including their verifiability scores. However, I could not find any specific mention of setting verifiability to 1 or how this would affect the information about providers.

It's important to note that the concept of ""verifiability"" in the context of data quality often refers to the ability to verify the accuracy and authenticity of data. It doesn't necessarily imply that all information about providers will be available or complete. To determine the implications of setting verifiability to 1, more details about the specific dataset and its associated quality metrics would be required.
",0,0,0,,0,,,,,,
E&D_5,"If the verifiability score is 1, does it mean that all provider information is available?",Yes,"The verifiability score measures how much metadata is available to verify the quality of the dataset. A perfect score (1) indicates that all relevant metadata is present, while lower scores indicate that some or most of this information may be missing.

Therefore, if the verifiability score is 1, it means that all necessary metadata is provided by the data provider, allowing users to fully assess the reliability and accuracy of the dataset. This includes information such as the source of the data, methods used for collection and processing, and any potential biases or limitations.

However, it's important to note that even with a high verifiability score, other aspects of data quality should also be considered, such as accuracy, completeness, and timeliness, among others. Additionally, the presence of metadata alone doesn't guarantee the correctness or validity of the data itself; it only provides more context and transparency regarding the dataset's origins and characteristics.",1,1,1,,1,,,,,,