Question_ID,Request,Expected_Response,Actual_Response,Voter 1,Voter 2,Voter 3,Colonna 7,Final,,,,,,
IR_1,"Retrieve the SPARQL endpoint status of NoiPA in the date September 7th, 2025?",On,"Based on the provided dataset, the SPARQL endpoint status for NoiPA on September 7th, 2025 is:

Available
‚úÖ SPARQL endpoint is online and operational.

Key supporting evidence from the dataset:

[""Available"",""NoiPA"",""Sparql endpoint"",""2025-09-07""]
Directly confirms availability for the specified date.
[""https://sparql-noipa.mef.gov.it/sparql"",""SPARQL endpoint URL"",""NoiPA"",""2025-09-07""]
Validates that the endpoint URL (https://sparql-noipa.mef.gov.it/sparql) was active on this date.
Metric Definition:

{
  ""Sparql endpoint"": {
    ""description"": ""Checking whether the server responds to a SPARQL query"",
    ""input"": ""Metadata"",
    ""output"": ""Offline: if the sparql endpoint is not online; Available: if SPARQL endpoint is online.; -: The SPARQL endpoint is missing."",
    ""dimension"": ""Availability""
  }
}
Relevant Entries:
[""Available"",""NoiPA"",""Sparql endpoint"",""2025-09-07""]
[""https://sparql-noipa.mef.gov.it/sparql"",""SPARQL endpoint URL"",""NoiPA"",""2025-09-07""]",1,1,1,,1,,,,,,
IR_1,Is the NoiPA SPARQL endpoint up in the last assessment?,On,"Based on the latest available data records for the NoiPA SPARQL endpoint:

Endpoint Availability: Available
‚ñ∏ Status: Available as of 2025-09-07 (most recent record)
‚ñ∏ URL: https://sparql-noipa.mef.gov.it/sparql
Key Supporting Data Points:
2025-09-07:

[""NoiPA"", ""Available"", ""Sparql endpoint"", ""2025-09-07""]
2025-08-03:

[""NoiPA"", ""2025-08-03"", ""Available"", ""Sparql endpoint""]
Endpoint URL Consistency:

[""NoiPA"", ""SPARQL endpoint URL"", ""2025-09-07"", ""https://sparql-noipa.mef.gov.it/sparql""]
Conclusion:
Yes, the NoiPA SPARQL endpoint was confirmed operational (Available) in the last recorded assessment on 2025-09-07, with no contradictory status reports in the dataset.",1,1,1,,1,,,,,,
IR_2,Which is the amount of data of the LiLa Lemma Bank dataset?,"1,699,687","Based on the LiLa Lemma Bank dataset's provided data, the key statistics regarding its data volume are:

Key Data Metrics:
Number of Triples (Metadata):
1,699,687 triples
This represents the structured metadata entries in the dataset.

Number of Linked Triples:
3,318,298 triples
These are triples that link the dataset's resources to other entities or datasets.

Core Lemma Count:
The dataset contains approximately 200,000 canonical forms for Latin (lemmas). These are used to interlink linguistic resources within the LiLa Knowledge Base, modeled using the Ontolex ontology.

Summary Table:
Metric	Value
Metadata Triples	1,699,687
Linked Triples	3,318,298
Canonical Forms (Lemmas)	~200,000
Additional Notes:
The ""Amount of data score"" of 0.333 (out of 1.0) reflects a normalized assessment of the dataset‚Äôs data volume relative to other datasets in the context of the provided metrics.
The dataset's primary purpose is interlinking Latin linguistic resources, emphasizing lemma-based annotations.
For direct access, the dataset is available via its GitHub repository or SPARQL endpoint:

GitHub: https://github.com/CIRCSE/LiLa_Lemma-Bank
SPARQL Endpoint: https://lila-erc.eu/sparql/lila_knowledge_base/sparql",1,1,1,,1,,,,,,
IR_2,How many triples does LiLa Lemma Bank have?,"1,699,687","LiLa Lemma Bank (represented as LemmaBank in the data) has two distinct triple counts recorded:

Number of Triples Linked:
Value: 3,318,298 triples
This figure appears consistently across multiple dates (2025-05-04, 2025-07-13, 2025-08-03, 2025-09-07).

[""3318298.000000"",""LemmaBank"",""Number of triples linked"",""2025-09-07""]
[""3318298.000000"",""2025-08-03"",""LemmaBank"",""Number of triples linked""]
[""Number of triples linked"",""2025-07-13"",""3318298.000000"",""LemmaBank""]
[""Number of triples linked"",""LemmaBank"",""2025-05-04"",""3318298.000000""]
Number of Triples (Metadata):
Value: 1,699,687 triples
Also confirmed across multiple dates.

[""Number of triples (metadata)"",""2025-08-03"",""1699687.000000"",""LemmaBank""]
[""1699687.000000"",""2025-07-13"",""Number of triples (metadata)"",""LemmaBank""]
[""2025-05-04"",""Number of triples (metadata)"",""LemmaBank"",""1699687.000000""]
Answer Summary
Linked (core content) triples: 3,318,298
Metadata triples: 1,699,687
üí° If you meant a specific category, clarify in a follow-up!",1,1,1,,1,,,,,,
IR_3,Which is the license of DBLP?,CC-0,"The DBLP Knowledge Graph (dblp-kg) dataset is licensed under the Creative Commons CC0 1.0 Universal (CC0 1.0) Public Domain Dedication. This is a public domain license that allows maximum freedom for reuse, modification, and distribution without restrictions.

Key Details:
License URL (Machine-Readable Metadata):
http://www.opendefinition.org/licenses/cc-zero (redirects to CC0 1.0).
Confirmation in Data:
Multiple records explicitly link dblp-kg to the CC0 license, accompanied by timestamps (e.g., 2025-08-03, 2025-07-13).
Human-Readable License Notes:
While the dataset provides a machine-readable license URL, a human-readable summary isn't explicitly retrievable via the structured data (License human redeable is marked as - in metadata).
You can review the full CC0 terms at the official link above.
Why This Matters:
Legal Reuse: CC0 waives copyright/IP restrictions, making the dataset freely usable for any purpose (research, commercial, etc.).
Compliance: Meets FAIR standards for machine-retrievable licensing (R1.1).
For verification via DBLP's official sources:

Dataset Page: https://dblp.org/rdf
License Metadata: Embedded in RDF dumps and SPARQL endpoint headers.",1,1,1,,1,,,,,,
IR_3,How is DBLP licensed?,CC-0,"The DBLP Knowledge Graph (dblp-kg) is licensed under the Creative Commons Zero (CC0) 1.0 Universal Public Domain Dedication, as confirmed by the following evidence from the dataset:

Key Licensing Facts:
Machine-Readable License (Metadata)


[""dblp-kg"", ""http://www.opendefinition.org/licenses/cc-zero"", ""2025-07-13"", ""License machine redeable (metadata)""]
Points to CC0 1.0, a public domain dedication.
Machine-Readable License (Query)


[""dblp-kg"", ""License machine redeable (query)"", ""https://creativecommons.org/publicdomain/zero/1.0/"", ""2025-05-04""]
Direct link to the canonical CC0 1.0 deed.
FAIR Compliance


[""R1.1 Machine- or human-readable license retrievable via any primary source"", ""2025-05-04"", ""1.000000"", ""dblp-kg""]
Scores 1.0/1.0 for license accessibility, per FAIR criteria.
Implications of CC0:
No Copyright Restrictions: You may freely use, modify, and redistribute dblp-kg data.
No Attribution Required: Credit is not legally mandated (though encouraged for academic integrity).
Public Domain Dedication: Maximizes reuse in scientific/commercial applications.
Additional Notes:
The Licensing score of 0.500000 suggests partial compliance with secondary metrics (e.g., metadata formatting), but the core CC0 license is unambiguous.
All license links (cc-zero, creativecommons.org/publicdomain/zero/1.0) resolve to official CC0 documentation.",1,1,1,,1,,,,,,
IR_4,Which is the accuracy score of WordNet?,0.00,"The Accuracy score for WordNet (w3c-wordnet) is 0.000000 across all recorded evaluations.

This is found in multiple entries with timestamps ranging from 2025-05-04 to 2025-09-07, consistently showing:


[""w3c-wordnet"", ""0.000000"", ..., ""Accuracy score""]
Key Details:
Definition:
Accuracy score reflects the overall accuracy dimension, computed as a linear combination of metrics (range: [0, 1], best value: 1).


{""Accuracy score"": {
  ""description"": ""Overall score for the accuracy dimension..."",
  ""output"": ""[0,1]. Best value: 1."",
  ""dimension"": ""Accuracy""
}}
Context:
All entries for w3c-wordnet explicitly show 0.000000 for Accuracy, indicating no recorded accuracy under this evaluation framework.


[""w3c-wordnet"",""0.000000"",""2025-09-07"",""Accuracy score""]  
[""Accuracy score"",""w3c-wordnet"",""0.000000"",""2025-05-04""]  
[""w3c-wordnet"",""2025-08-03"",""Accuracy score"",""0.000000""]  
[""w3c-wordnet"",""2025-07-13"",""Accuracy score"",""0.000000""]
Recommendation:
Verify the evaluation methodology and dataset context, as a 0.000000 score suggests no valid accuracy metrics were computed or recorded for WordNet in this benchmark.",1,1,1,,1,,,,,,
IR_4,How accurate is WordNet?,0.00,"Accuracy Analysis of WordNet (W3C Version)
The dataset provides explicit accuracy scores for the W3C version of WordNet (w3c-wordnet). Here's the key breakdown:

‚ö†Ô∏è Explicit Accuracy Scores
All recorded accuracy scores are 0.000000, observed on multiple dates:

2025-05-04, 2025-07-13, 2025-08-03, and 2025-09-07.

[""w3c-wordnet"", ""2025-05-04"", ""Accuracy score"", ""0.000000""]
[""w3c-wordnet"", ""2025-07-13"", ""Accuracy score"", ""0.000000""]
[""w3c-wordnet"", ""2025-09-07"", ""Accuracy score"", ""0.000000""]
[""0.000000"", ""Accuracy score"", ""w3c-wordnet"", ""2025-08-03""]
üìä Contextual Interpretation
While the accuracy metric is consistently zero, other scores suggest partial strengths:

Completeness/Interlinking: 0.000000
Performance: 0.000000
Believability: 0.800000 (high confidence in metadata quality).
Verifiability: 0.331667 (moderate provenance tracking).
Normalized Score: 12.075‚Äì13.325 (on a non-specified scale).
üß† Key Observations
Potential Methodology Gap:
The zero accuracy score might indicate missing evaluation data or incompatible metrics (e.g., WordNet's structure doesn't align with the accuracy test framework).

Alternative Quality Indicators:
The dataset reports minimal reuse of FAIR vocabularies (I2 Use of FAIR vocabularies = 0.000000), suggesting adherence to standardized ontologies is low.

Conclusion
WordNet's accuracy is rated 0.000000 in this dataset, but this could reflect methodological limitations rather than inherent flaws. For practical NLP tasks, WordNet remains empirically validated for lexical tasks (synonymy, hyponymy), though newer resources like BERT or Word2Vec outperform it in contextual semantics.

For compliance-focused applications (e.g., FAIR data), consider supplemental vocabularies to address interoperability gaps.",1,1,1,,1,,,,,,
IR_5,What is the trust value of the Linked Open Camera dataset?,0.5,"The Trust Value of the Linked Open Camera dataset (bpr) is 0.500 (on a scale of 0 to 1). This value appears consistently across multiple dates in the provided dataset:

Key Evidence

[""bpr"", ""Trust value"", ""0.500000"", ""2025-05-04""]
[""Trust value"", ""bpr"", ""0.500000"", ""2025-07-13""]
[""bpr"", ""2025-05-04"", ""Security score"", ""1.000000""]  // Contextual support
Context
Dataset Identifier: bpr links to http://dati.camera.it/sparql (the SPARQL endpoint for the Linked Open Camera dataset).
Metric Dimension: ""Believability"" (the dimension associated with the trust value).
Consistency: The value 0.500 appears repeatedly, indicating stability across evaluations.
Summary Table
Metric	Dataset	Value	Date	Dimension
Trust value	bpr	0.500	2025-07-13	Believability
Note: The trust score reflects moderate reliability based on metadata about the identity of the information provider.",1,1,1,,1,,,,,,
IR_5,How trustworthy is the Linked Open Camera dataset?,0.5,"Based on the provided dataset, here's an assessment of the trustworthiness of the Linked Open Camera dataset (http://dati.camera.it/sparql):

Key Trust Indicators Summary
Metric	Value	Analysis
Trust Value	0.500000	(Low) Below datasets like NoiPA/LemmaBank (0.75)
Verifiability Score	0.110000	(Very Low) Data sources/contributors not well-specified.
Security Score	1.000000	(High) Uses HTTPS and authentication (A1.2 = 1.0)
Believability	0.500000	(Moderate) 50% credence in data provider identity.
On Trusted Provider List	False	Not recognized as authoritative by vetted registries.
License Clarity	[CC-BY-SA]	Machine-readable license, but metadata missing (license_redeable issues).
FAIR Compliance	Incomplete	Scores for FAIR principles are inconsistent (e.g., F3-M = 0.0 for DOI).
üìùDetailed Breakdown
Provider Identity:

No authoritative recognition: ""Is on a trusted provider list"": ""False"".
Unspecified contributors/publishers: _contributors_specified = 0.0.
Incomplete FAIR Compliance:

üö´ F3-M (data referrable via DOI): 0.000000.
‚úÖ A1.2 (HTTPS/auth support): 1.000000.
üö´ I2 (FAIR vocabularies): 0.000000.
License Issues:

License URL: http://www.opendefinition.org/licenses/cc-by-sa, but metadata lacks licensing details (author = False, machine_redeable = 0.0).
High Security: Endpoint uses HTTPS (Is on a trusted provider list = True).
SPARQL Availability: Active endpoint (""Sparql endpoint"": ""Available"").
RDF Compliance: Structured data (Uses RDF structures = True).
Low Verifiability:

Minimal links to external sources (External links: []).
No VoID file (""VoID file absent"").
Inconsistent Metadata:

Missing entity counts (Number of entities: ""None"").
No historical updates (""Historical updates"": ""-"").
Trust Anchors:

Low trust context (Trust value = 0.5 vs. benchmark of 0.75 for trusted datasets).
üìàComparative Analysis
Dataset	Trust Value	Security	Verifiability	Trusted Provider	Alignment
Linked Open Camera	0.500	‚úÖ	üü†	‚ùå	üü° Mixed
NoiPA (reference)	0.750	‚úÖ	‚úÖ	‚úÖ	‚úÖ High
üöÄFinal Verdict: Moderate Trust (Use with Caution)
üî¥ Not recommended for high-stakes applications (e.g., legal/policy decisions).
üü° Acceptable for exploratory analysis if:
Validated against primary sources.
Supplemented with metadata checks.
Mathematical Formulation:
Let trust T be modeled as:
T=Œ±‚ãÖSecurity+Œ≤‚ãÖVerifiability+Œ≥‚ãÖLicense
For this dataset, Œ±=1, Œ≤=0, Œ≥=0.5, resulting in T‚âà0.5.

üìöRecommendations
Require manual verification of SPARQL query results.
Check licensing compliance before redistribution.
Prefer NoiPA/LemmaBank for higher-trust Italian public data.",1,1,1,,1,,,,,,
TA_1,Is the number of triples of NoiPA retrieved via the SPARQL endpoint always the same?,"No, they slightly increase over time.","Based on the provided data, the number of triples retrieved via the SPARQL endpoint for NoiPA is not always the same. Here's the analysis:

Key Observations
Number of Triples (Query)
The volatile values (directly queried via SPARQL) show clear increases over time:

2025-05-04: 412,894,535
2025-07-13: 432,861,574
2025-08-03: 439,796,613
2025-09-07: 446,170,057
This demonstrates dataset growth of ~33M triples over 4 months.
Number of Triples (Metadata)
The static metadata value is consistently reported as:

340,000,000 across all dates (2025-05-04, 2025-07-13, 2025-08-03, 2025-09-07).
This appears to be a fixed administrative value not updated with actual data growth.

[""NoiPA"",""2025-05-04"",""412894535.000000"",""Number of triples (query)""]
[""NoiPA"",""2025-07-13"",""432861574.000000"",""Number of triples (query)""]
[""NoiPA"",""2025-08-03"",""439796613.000000"",""Number of triples (query)""]
[""NoiPA"",""2025-09-07"",""446170057.000000"",""Number of triples (query)""]

[""Number of triples (metadata)"",""NoiPA"",""2025-07-13"",""340000000.000000""]
[""340000000.000000"",""2025-08-03"",""NoiPA"",""Number of triples (metadata)""]
Conclusion
SPARQL Query ‚â† Metadata Value: The real-time triple count retrieved via SPARQL increases dynamically, while the metadata value remains fixed at 340M.
Recommendation: Always use direct SPARQL queries (COUNT) for accurate triple counts, as metadata values may be outdated.
Data growth rate= 
4 months
446M‚àí412M
‚Äã
 ‚âà8.25M triples/month",1,1,1,,1,,,,,,
TA_1,The number of triples of NoiPA retrieved via the SPARQL endpoint is constant?,"No, they slightly increase over time.","To determine whether the number of triples for the NoiPA dataset retrieved via its SPARQL endpoint remains constant, we analyze multiple observations of ""Number of triples"" metrics recorded at different dates:

Key Observations
Always 340,000,000 across all dates:
2025-07-13: 340000000.000000
2025-05-04: 340000000.000000
2025-09-07: 340000000.000000
Source: Entries labeled "" Number of triples (metadata)"".
Monotonically increases over time:
2025-05-04: 412,894,535
2025-07-13: 432,861,574
2025-09-07: 446,170,057
Source: Entries labeled ""Number of triples (query)"".
Conclusion
Metadata-reported triples remain constant (340M), but actual query results show continuous growth (~413M ‚Üí 446M) over time.
The answer is no: The actual number of triples retrieved via the SPARQL endpoint is not constant. It increases, while the metadata value is stale (not updated to reflect dataset growth).
Recommendation
Verify data freshness via live SPARQL queries rather than relying on static metadata. The inconsistency suggests:

Metadata is outdated or misconfigured.
The dataset is actively updated (e.g., new triples added), but metadata lacks versioning.",1,1,1,,1,,,,,,
TA_2,Is the SPARQL endpoint of DBLP always available?,Yes,"Based on the provided dataset, here's a concise analysis of the DBLP SPARQL endpoint availability:

Consistent Availability Status:

Across all recorded dates (2025-05-04, 2025-07-13, 2025-08-03, 2025-09-07), the DBLP SPARQL endpoint (dblp-kg) is explicitly marked as ""Available"":

[""dblp-kg"",""2025-05-04"",""Sparql endpoint"",""Available""]
[""Available"",""Sparql endpoint"",""dblp-kg"",""2025-07-13""]
[""dblp-kg"",""Available"",""Sparql endpoint"",""2025-08-03""]
[""Available"",""Sparql endpoint"",""dblp-kg"",""2025-09-07""]
Endpoint URL Consistency:

The URL https://sparql.dblp.org/sparql is consistently listed for dblp-kg in all relevant entries.
No Downtime Records:

Unlike other datasets (e.g., CIDOC-CRM, bbc-programmes), no entries show DBLP's SPARQL endpoint as unavailable (""-"" or ""False"").
Validation Logic:

Metric description confirms availability is checked via active SPARQL query responses:

{""Sparql endpoint"":{""description"":""Checking whether the server responds to a SPARQL query"", ""output"":""Available: if SPARQL endpoint is online.""}}
Final Answer
Yes, based on the provided data, the DBLP SPARQL endpoint (https://sparql.dblp.org/sparql) was consistently available across all recorded timestamps in 2025. While no service guarantees 100% uptime, this dataset shows no evidence of downtime for DBLP during the observed period. For critical applications, implement standard fault-tolerant retry mechanisms.",1,1,1,,1,,,,,,
TA_2,Is the DBLP SPARQL endpoint always up?,Yes,"Based on the provided dataset entries regarding the dblp-kg SPARQL endpoint, here is a clear summary of its availability:

Key Observations:
Availability Status:

All recorded entries for the dblp-kg SPARQL endpoint (URL: https://sparql.dblp.org/sparql) explicitly state its status as ""Available"".
Observed dates: 2025-05-04, 2025-07-13, 2025-08-03, 2025-09-07.
Metric: Sparql endpoint ‚Üí Output: Available.
Supporting Dimensions:

Availability: Defined as
""Checking whether the server responds to a SPARQL query. Output: Available if online, Offline otherwise.""
No Offline status was recorded for this endpoint.

Uptime Consistency:

The endpoint remained available across all dates covered in the dataset (May to September 2025).
Key Quote from Metadata:

{
  ""Sparql endpoint"": {
    ""description"": ""Checking whether the server responds to a SPARQL query"",
    ""input"": ""Metadata"",
    ""output"": ""Offline: if the sparql endpoint is not online; Available: if SPARQL endpoint is online.; -: The SPARQL endpoint is missing."",
    ""dimension"": ""Availability""
  }
}
üìù Conclusion:
Yes, the DBLP SPARQL endpoint (https://sparql.dblp.org/sparql) was consistently available during all recorded dates in the dataset (2025-05-04 to 2025-09-07). No downtime was reported.

‚ö†Ô∏è Note: This conclusion is limited to the time range covered by the dataset. Real-world availability outside this period may vary due to maintenance or unexpected outages. For live status checks, use monitoring tools like curl or SPARQL ping queries.

Verify the endpoint's current status with:


curl -I -s ""https://sparql.dblp.org/sparql"" | grep -E ""HTTP|Location""",1,1,1,,1,,,,,,
TA_3,Is the data dump of the Allie Abbreviation And Long Form dataset always set to 1 in the observed period?,"No, it is discontinuous","No, the data dump indicator (_dataset_update_frequency_specified) for the Allie Abbreviation And Long Form dataset is not always set to 1 during the observed period.

Key Observations:
Values Over Time:

2025-05-04: 0.000000
2025-06-01: 1.000000
2025-08-03: 1.000000
2025-09-07: 0.000000
Dataset Update Frequency:
Additional metadata specifies a Dataset update frequency of ['Monthly'], but the binary flag _dataset_update_frequency_specified (indicating whether a dump exists) varies:


[""Dataset update frequency"", ""-"", ""2025 squares"", ""allie-abbreviation-and-long-form-database-in-life-science""]
Conclusion:
The data dump availability (as indicated by _dataset_update_frequency_specified) fluctuates between 0 and 1 during the observed timeframe, meaning it is not consistently set to 1. Further investigation into reasons for this variability (e.g., pipeline errors, maintenance) may be required.",1,1,1,,1,,,,,,
TA_3,Is the data dump of the Allie Abbreviation And Long Form dataset always up?,"No, it is discontinuous","After analyzing the provided dataset entries, here's the assessment of the Allie Abbreviation and Long Form dataset's data dump availability:

Key Findings
Metadata Dump Availability

Consistently Available:
Availability of RDF dump (metadata) = 1.000000 appears on multiple dates (2025-05-04, 2025-06-01, 2025-07-13, etc.), indicating reliable access to the metadata dump.
Download URL:
FTP paths like ftp://ftp.dbcls.jp/allie/allie_rdf/allie_rdf_nt_latest.gz are explicitly listed and stable.
Query Endpoint Limitations

Unavailable:
Availability of RDF dump (query) = False or ""-""/""No dump available"" (e.g., 2025-07-13, 2025-09-07).
SPARQL or live querying is not supported.
Update Frequency

Monthly Cadence:
Dataset update frequency = ['Monthly'] (2025-07-13), though other entries show ""-"" (missing metadata).
Age of Data:
Age of data = 2011-08-01 (old baseline) with _dataset_update_frequency_specified = 1.0 (defined schedule).
Inconsistencies

Score Fluctuations:
Availability score drops to 0.000000 on 2025-09-07 for some components (e.g., Completeness score).
_dataset_update_frequency_specified is 0.000000 on 2025-09-07 (frequency unspecified that day).
Conclusion
‚úÖ The data dump is generally available for download (metadata/RDF dumps) with monthly updates.
‚ö†Ô∏è Not ""always"" up: Temporary issues (e.g., 2025-09-07) and lack of query endpoints mean it isn't infallible.
üîó Primary Access: Use the FTP URLs for reliable downloads.

Recommendation
Verify the FTP server (ftp.dbcls.jp) periodically for uptime. Monitor the dataset‚Äôs metadata logs for update irregularities.


Dump Status: Generally Available (Metadata), No Query Support  
Download URL: ftp://ftp.dbcls.jp/allie/allie_rdf/allie_rdf_nt_latest.gz",1,1,1,,1,,,,,,
TA_4,Is the accuracy of NoiPA constant over time?,No,"Analysis of NoiPA's Accuracy Over Time
üèÜ NoiPA's accuracy score is not perfectly constant over time, as it shows a minor decline from 0.999700 to 0.999660 between May and July 2025. This small decrease suggests very high stability, but mathematically, it is not constant.

Detailed Findings
1. Accuracy Score Timeline
2025-05-04: Accuracy = 0.999700
2025-07-13: Accuracy = 0.999660
2025-08-03: Accuracy = 0.999660
2025-09-07: Accuracy = 0.999660
2. Key Observations
A decline of 0.00004 (0.004%) occurred between May and July 2025.
Accuracy stabilized at 0.999660 afterward, showing no further changes.
The variation is statistically insignificant (¬±0.004%) for most applications, indicating extremely high consistency.
3. Comparison with Other Scores
Consistency score fluctuates notably (e.g., 0.400000 vs. 0.499035).
Interpretability score remains at 1.000000 (perfect) throughout.
Accuracy stands out as one of the most stable metrics despite its minor dip.
Recommendations
Investigate mid-2025 data or pipeline changes if absolute constancy is critical.
Monitor accuracy alongside Consistency score (I 
score
‚Äã
 ) and Representational-Conciseness score for holistic performance insights.",1,1,1,,1,,,,,,
TA_4,Does the accuracy of NoiPA remain consistent over time?,No,"Based on the provided dataset, I analyzed all Accuracy score entries for NoiPA to determine its consistency over time. Here are the results:

Accuracy Scores Over Time
Date	Accuracy Score
2025-05-04	0.999700
2025-07-13	0.999660
2025-08-03	0.999660
2025-09-07	0.999660
Key Observations:
Initial Stability

From May 4, 2025 (0.999700) to July 13, 2025 (0.999660), there is a marginal dip of 0.00004 (0.004% relative decrease).
Long-Term Consistency

From July 13, 2025 onward, the score stabilizes perfectly at 0.999660, with no further changes observed.
Practical Significance

Despite the minor initial fluctuation, NoiPA maintains near-perfect accuracy (‚âà99.966%‚Äì99.970%) throughout. The variation is negligible in real-world terms.
Comparison with Other Systems (Context)
For reference, similarly timed accuracy scores for other systems show greater variability:

bpr: 0.600000 (2025-05-04)
dblp-kg: 1.000000 (2025-07-13)
NoiPA outperforms these systems in consistency.

Conclusion:
‚úÖ Yes, NoiPA's accuracy remains practically consistent over time, with only a minuscule initial fluctuation before stabilizing at an exceptionally high level.",1,1,1,,1,,,,,,
TA_5,What is the longest continuous period in which the Allie Abbreviation And Long Form dataset data dump has been equals to 1?,91 days,"To determine the longest continuous period in which the Allie Abbreviation And Long Form dataset's data dump had a score equal to 1, we analyze the provided data entries, focusing on metrics consistently scoring 1.000000 across sequential dates.

Key Observations:
Metric ""F1-M Unique and persistent ID"": This metric is scored 1.000000 from 2025-05-04 to 2025-09-07, inclusive.
Other metrics (e.g., Extensional conciseness, _age_of_data_specified) also show periods of 1.000000, but none span a longer duration than ""F1-M"".
Longest Continuous Period:
Metric: F1-M Unique and persistent ID
Duration: 127 days
Start: 2025-05-04
End: 2025-09-07
Calculation:
May 2025: 28 days (May 4 to May 31)
June 2025: 30 days
July 2025: 31 days
August 2025: 31 days
September 2025: 7 days (September 1 to 7)
Total: 28+30+31+31+7=127 days
Summary:
Longest Period: 127 days (2025-05-04 to 2025-09-07).
Supporting Metric: F1-M Unique and persistent ID maintained a score of 1.000000 throughout this interval.
Extensional conciseness / _age_of_data_specified:

Duration: 91 days (2025-05-04 to 2025-08-03).
Gap: Ended earlier on 2025-09-07 (score dropped to None/0.000000).
_dataset_update_frequency_specified:

Duration: 64 days (2025-06-01 to 2025-08-03).










",0,0,0,,0,,,,,,
TA_5,"For how long, without interruption, has the Allie Abbreviation And Long Form dataset data dump remained up?",91 days,"The Allie Abbreviation And Long Form dataset data dump has remained up without interruption for 13 years and 10 months, from its inception on August 1, 2011, until at least June 1, 2025, based on dataset metadata entries.

Key Evidence:
Start Date: 2011-08-01
End Date: 2025-06-01
Field Identifier: ""Age of data""

[""allie-abbreviation-and-long-form-database-in-life-science"",""2011-08-01"",""2025-06-01"",""Age of data""]
Duration Calculation:
Duration=2025-06-01‚àí2011-08-01=13 years, 10 months.
Dataset activity confirmation:

[""2025-07-13"",""allie-abbreviation-and-long-form-database-in-life-science"",""2011-08-01"",""Age of data""]
Consistency across entries:

[""2011-08-01"",""2025-05-04"",""Age of data"",""allie-abbreviation-and-long-form-database-in-life-science""]
Reflects the same start year (2011-08-01) with a slightly earlier endpoint (2025-05-04), still confirming long-term availability.
Note:
Dates like 2025-09-07 in the dump represent snapshot timestamps of metadata collection, not the dataset's operational downtime. The ""Age of data"" field explicitly confirms uninterrupted coverage until 2025-06-01.",0,0,0,,0,,,,,,
Co_1,Which dataset has the highest number of triples?,DBLP,"The dataset with the highest number of triples is dblp-kg with 1,456,286,025 triples under the ""Number of triples (query)"" metric:


[""1456286025.000000"",""2025-08-03"",""dblp-kg"",""Number of triples (query)""]
Key Observations:
NoiPA has the highest ""Number of triples (metadata)"" with 340,000,000 triples:

[""340000000.000000"",""2025-09-07"",""NoiPA"","" Number of triples (metadata)""]
dblp-kg dominates under queryable triples (SPARQL endpoint) with values exceeding 1.4 billion triples, making it the largest dataset in terms of actual queryable data.
Dataset	Type	Triples
dblp-kg	query	1,456,286,025
dblp-kg	query	1,446,280,845
NoiPA	metadata	340,000,000
micro-coronavirus	metadata	70,870,184
allie-abbreviation-and-long-form...	metadata	94,420,988
Further Notes:
The metric ""Number of triples (metadata)"" typically refers to administrative/descriptive triples, while ""Number of triples (query)"" measures the dataset's actual content via SPARQL endpoints.
Coronavirus datasets (micro-coronavirus) are fragmented (e.g., gene/protein subsets) but collectively sum below 100 million triples.",1,1,1,,1,,,,,,
Co_1,Which is the biggest dataset among the compared ones?,DBLP,"Based on analyzing the provided dataset records, the largest dataset among the compared ones is dblp-kg with 1,446,280,845 triples reported in the ""Number of triples (query)"" metric.

Key Size Metrics Comparison
Dataset	Number of Triples (Metadata)	Number of Triples (Query)	Notes
dblp-kg	0	1,446,280,845	Largest dataset overall
NoiPA	340,000,000	0	Largest metadata triples count
allie-abbreviation-and-long-form-database-in-life-science	94,420,988	309,315,740	-
micro-coronavirus	70,870,184	303,138,983	-
bbc-programmes	60,000,000	0	-
LemmaBank	1,699,687	3,318,298*	*Some triples linked
w3c-wordnet	710,000	0	-
bpr	366,800	352,447,414	-
Note: Dataset size is primarily determined by the highest triples count in either metadata or query segments.

Conclusion
While NoiPA has the highest metadata-specific triple count (340 million), dblp-kg dominates in query-accessible triples (1.44 billion), making it the largest dataset when considering total data availability.

Biggest Dataset: dblp-kg (dblp Knowledge Graph)
Size Evidence:


[""1446280845"",""dblp-kg"",""Number of triples (query)"",""2025-07-13""]",1,1,1,,1,,,,,,
Co_2,Which is the dataset performing worst in the license metric?,CIDOC-CRM,"The dataset performing worst in the licensing metric is CIDOC-CRM, with a licensing score of 0.000000 across multiple evaluations:

Key Observations
CIDOC-CRM consistently scored 0.000000 in the Licensing score metric (e.g., entries on 2025-05-04 and 2025-09-07).
All other datasets (e.g., LemmaBank, bpr, w3c-wordnet, dblp-kg) scored at least 0.500000.
The licensing score ranges [0,1], where 0 is the worst possible value.
Summary Table
Dataset	Licensing Score
CIDOC-CRM	0.000000
LemmaBank	0.500000
bpr	0.500000
w3c-wordnet	0.500000
dblp-kg	0.500000
NoiPA	0.500000
micro-coronavirus	1.000000 (best)
CIDOC-CRM's licensing score indicates critical issues in human- or machine-readable license retrieval for its metadata/query endpoints.",1,1,1,,1,,,,,,
Co_2,Which is the worst performing dataset in the license metric?,CIDOC-CRM,"Based on the provided data, the worst-performing dataset in the license metric is CIDOC-CRM with a Licensing score of 0.000000 across multiple assessments.

CIDOC-CRM scores (Licensing score = 0.000000):

[""2025-08-03"",""CIDOC-CRM"",""0.000000"",""Licensing score""]
[""CIDOC-CRM"",""Licensing score"",""0.000000"",""2025-09-07""]
[""CIDOC-CRM"",""Licensing score"",""0.000000"",""2025-05-04""]
Other datasets (e.g., LemmaBank, NoiPA, dblp-kg, bpr, w3c-wordnet) consistently score 0.500000 in the licensing metric, which is higher than CIDOC-CRM's 0.000000.

Conclusion
Worst-performing dataset: CIDOC-CRM
Licensing score: $0.000000$
Rationale: CIDOC-CRM is the only dataset with a minimum score of 0 (the worst possible value in the [0,1] range).",1,1,1,,1,,,,,,
Co_3,What is the mean score for the accuracy dimension?,0.50,"To compute the mean score for the accuracy dimension (i.e., the ""Accuracy score""), we extract all entries where the metric is explicitly ""Accuracy score"" from the dataset. Here's the step-by-step calculation:

Step 1: Extract all Accuracy scores
From the dataset, the following entries correspond to the ""Accuracy score"" metric (format: [Dataset, Metric, Score, Date]):

Dataset	Score
NoiPA (2025-08-03, 2025-09-07, 2025-07-13)	0.999660
NoiPA (2025-05-04)	0.999700
bpr (2025-05-04)	0.600000
bpr (2025-08-03, 2025-09-07, 2025-07-13)	1.000000
w3c-wordnet (multiple dates)	0.000000
dblp-kg (multiple dates)	1.000000
LemmaBank (2025-07-13)	0.000000
CIDOC-CRM (multiple dates)	0.000000
allie-abbreviation-and-long-form-database-in-life-science (multiple dates)	1.000000 / 0.000000
micro-coronavirus (multiple dates)	1.000000
bbc-programmes (multiple dates)	0.000000
environment-agency-bathing-water-quality	0.999987
Step 2: Sum all Accuracy scores
Total sum = 3(√ó0.999660) + 1(√ó0.999700) + 1(√ó0.600000) + 3(√ó1.000000) + 4(√ó0.000000) + 4(√ó1.000000) + 1(√ó0.000000) + 4(√ó0.000000) + 3(√ó1.000000) + 1(√ó0.000000) + 4(√ó1.000000) + 4(√ó0.000000) + 1(√ó0.999987)
Total = 19.598367
Step 3: Count all Accuracy entries
Number of entries = 37
Step 4: Calculate the mean
Mean= 
Number of entries
Total sum
‚Äã
 = 
37
19.598367
‚Äã
 ‚âà0.5297

Rounded to two decimal places: 0.53

Final Answer
The mean score for the accuracy dimension is 0.53.
(Based on 37 distinct ""Accuracy score"" entries across all datasets and dates.)",0,0,0,,0,,,,,,
Co_3,What is the mean value of the accuracy dimension?,0.50,"To compute the mean value of the Accuracy score dimension, we analyzed all available entries in the dataset. Below is the detailed breakdown:

Calculation Summary:
Accuracy Score Entries:

Identified all [""entity"", ""Accuracy score"", value, date] entries in the dataset.
Each entry represents a unique measurement of the accuracy score for a specific entity and date.
Extracted Values:

NoiPA: 4 values (3 √ó 0.99966, 1 √ó 0.99970)
bpr: 4 values (0.60000, 3 √ó 1.00000)
w3c-wordnet: 4 values (0.00000)
LemmaBank: 4 values (0.00000)
dblp-kg: 4 values (1.00000)
CIDOC-CRM: 4 values (0.00000)
allie-abbreviation...: 3 values (2 √ó 1.00000, 1 √ó 0.00000)
micro-coronavirus: 4 values (1.00000)
bbc-programmes: 4 values (0.00000)
environment-agency...: 1 value (0.999987)
Total Entries:
4+4+4+4+4+4+3+4+4+1=36

Sum of Values:


NoiPA:   0.99966 √ó 3 + 0.99970   = 3.99868  
bpr:     0.60000 + 1.00000 √ó 3    = 3.60000  
allie:   1.00000 √ó 2 + 0.00000    = 2.00000  
micro:   1.00000 √ó 4              = 4.00000  
env:     0.999987                 = 0.999987  
dblp-kg: 1.00000 √ó 4              = 4.00000  
---------------------------------------------
Sum                               = 18.598667
Mean Value:

Mean= 
Number of Entries
Total Sum
‚Äã
 = 
36
18.598667
‚Äã
 ‚âà0.5166 (rounded to 4 decimal places).
Final Answer:
The mean value of the accuracy dimension is 0.5166.

Lowest scores: 0.00000 for w3c-wordnet, LemmaBank, CIDOC-CRM, and bbc-programmes.
Highest scores: 1.00000 for micro-coronavirus, dblp-kg, and most bpr entries.
Heterogeneity: Scores vary significantly across entities, but the overall mean is ~51.7%.",0,0,0,,0,,,,,,
Co_4,What is the best observed score in the Verifiability dimension?,"0.4983 (NoiPA, Allie, Bathing Water Quality)","Best Observed Verifiability Score
The best observed score in the Verifiability dimension is 0.498333 (rounded to 6 decimal places).

Key Observations:
Top Scores:
0.498333 occurs for the following datasets:
NoiPA (dates: 2025-05-04, 2025-07-13, 2025-09-07).
allie-abbreviation-and-long-form-database-in-life-science (date: 2025-06-01).
Reference Values:
Theoretical best: 1.0 (as defined in the metric description).
Common lower scores: 0.331667, 0.110000, and 0.165000.",0.5,1,1,,1,,,,,,
Co_4,What is the highest observed Verifiability score?,"0.4983 (NoiPA, Allie, Bathing Water Quality)","The highest observed Verifiability score in the provided data is 0.498333. This score was achieved by the following datasets:

NoiPA on 2025-09-07 and 2025-08-03.
Key Observations:
Verifiability score range: Values observed include 0.110000, 0.165000, 0.331667, and 0.498333.
Maximum value: 0.498333 is the highest recorded score.
Score	Dataset	Date
0.498333	NoiPA	2025-09-07
0.498333	NoiPA	2025-08-03
0.331667	CIDOC-CRM	2025-09-07
0.331667	dblp-kg	2025-09-07
0.331667	LemmaBank	2025-09-07",0.5,1,1,,1,,,,,,
Co_5,What are the highest-performing dimensions in September 2025?,"License, Performance, Accuracy, Believability, Currency, Timeliness, Security, Conciseness and Interpretability","Highest-Performing Dimensions in September 2025
Based on the provided dataset, the dimensions with the highest performance scores in September 2025 are:

Dimension        KG        Score        Date        Metric Example
Performance        dblp-kg        1.0        2025-09-07        Performance score = 1.000000
Currency        bpr        1.0        2025-09-07        Currency score = 1.000000
Security        bpr        1.0        2025-09-07        Security score = 1.000000
All three achieved perfect scores (1.0), the highest possible value in their respective metrics. Additional high-performing ones: Licensing, Believability, Availability, Performance",0.5,0.5,0.5,,"0.5",,,,,,
Co_5,What are the dimensions performing better in September 2025?,"License, Performance, Accuracy, Believability, Currency, Timeliness, Security, Conciseness and Interpretability","Rank	Dimension	Top Performers	Key Metric Evidence
1	Timeliness	bpr, dblp-kg	Volatility score = 0.000000 (optimal stability).
2	Currency	bpr	Currency score = 1.000000, low data staleness.
3	Performance	NoiPA, dblp-kg	Performance score = 1.000000, high throughput.
Notable Observations
bpr excels in Currency due to perfect scores (1.000000).
dblp-kg and `NoiPA lead in Performance** with maximum scores and throughput.
Volatility is universally low, indicating robust timeliness across datasets.
For detailed analysis or specific entity performance, expand the sections above.",0.5,0,0.5,,"0.5",,,,,,
E&D_1,Why is the availability score equals to 1 for the DBLP dataset?,Because all the metrics in the availability dimension can be correctly computed,"The availability score equals 1 for the DBLP dataset on certain dates (e.g., 2025-07-13, 2025-08-03) because all required availability metrics were fully satisfied during those periods. Here's a breakdown:

Key Factors for Availability Score = 1
RDF Dump Availability (Metadata)

Availability of RDF dump (metadata) = 1.000000 on 2025-07-13 and 2025-08-03.
Indicates the RDF dump was online and accessible for download.
URIs Dereferenceability (F1-D)

F1-D URIs dereferenceability = 1.000000 on 2025-07-13 and 2025-08-03.
All URIs in the dataset were dereferenceable (i.e., resolvable via HTTP).
Metadata Availability (A1-M)

A1-M Metadata availability via working primary sources = 1.000000 on 2025-07-13 and 2025-08-03.
Metadata was retrievable from functional primary sources (e.g., SPARQL endpoints or data dumps).
Other Perfect Scores

Availability for download (metadata) = 1.000000 (RDF dump downloadable).
SPARQL endpoint = Available (operational endpoint at https://sparql.dblp.org/sparql).
Why It Dropped Later (2025-09-07)
By 2025-09-07, the availability score fell to 0.75 due to degradation in metrics such as:

F1-D URIs dereferenceability = 1.000000 ‚Üí Remained perfect.
Availability of RDF dump (metadata) = 1.000000 ‚Üí Still online.
But failures occurred elsewhere (unlisted in the snippet), likely in query/HTTPS support or similar sub-metrics.
Formula (Simplified)
The availability score is a linear combination of sub-metrics like:
Availability Score=w 
1
‚Äã
 ‚ãÖRDF Dump Avail.+w 
2
‚Äã
 ‚ãÖDeref. Score+‚Ä¶
A score of 1.0 implies all sub-metrics were satisfied at maximum weight ($w_i$) during the period.

Summary Table
Date	Availability Score	RDF Dump (Metadata)	F1-D Deref.	A1-M Metadata
2025-07-13	1.000000	‚úÖ 1.000000	‚úÖ 1.000000	‚úÖ 1.000000
2025-08-03	1.000000	‚úÖ 1.000000	‚úÖ 1.000000	‚úÖ 1.000000
2025-09-07	0.750000	‚úÖ 1.000000	‚úÖ 1.000000	‚úÖ 1.000000
Failure mode	‚Üì Score drop	No change	No change	No change
Note: The drop to 0.75 suggests a decline in another critical factor (e.g., query service downtime or HTTPS failures), not explicitly shown in the provided data.",0,0,0,,0,,,,,,
E&D_1,Why does the DBLP dataset have an availability score of 1?,Because all the metrics in the availability dimension can be correctly computed,"The DBLP dataset's Availability Score of 1.000000 on certain dates (e.g., 2025-07-13, 2025-08-03) occurs due to the following key reasons derived from the dataset metrics:

Key Factors Contributing to the Availability Score of 1
A1-M Metadata availability via working primary sources consistently scores 1.000000 (e.g., on 2025-07-13, 2025-08-03).
This indicates metadata is reliably accessible through DBLP's official interfaces.
Availability of RDF dump (metadata) is confirmed with 1.000000 (e.g., on 2025-07-13, 2025-09-07).
The dataset provides downloadable RDF dumps at:
https://doi.org/10.4230/dblp.rdf.ntriples
https://dblp.org/rdf/dblp.ttl.gz.
F1-D URIs dereferenceability achieves 1.000000 (e.g., on 2025-07-13, 2025-09-07).
This means all URIs in the dataset resolve correctly to their intended resources.
The SPARQL endpoint is operational at https://sparql.dblp.org/sparql (listed multiple times).
This contributes to the ""A1-D Working access point(s)"" score of 1.000000.
Important Notes
Score Variability: The availability score later drops to 0.750000 (e.g., on 2025-09-07), likely due to temporary issues like:
Dataset update frequency being unspecified ([] at multiple timestamps).
VoID file absence ([""dblp-kg"",""VoID file absent"",""2025-07-13"",""Availability VoID file""]).
Key Metrics Not Affecting the Score:

- RDF dump (query) availability: False (non-critical for metadata availability).
- Number of triples: 0.0 (only affects completeness, not availability).
- Interlinking completeness: 0.0 (irrelevant to availability).
Summary Equation
The availability score S 
A
‚Äã
  is calculated as:

S 
A
‚Äã
 =œâ 
1
‚Äã
 ‚ãÖA1-M+œâ 
2
‚Äã
 ‚ãÖRDF Dump Availability+œâ 
3
‚Äã
 ‚ãÖF1-D

Where œâ 
i
‚Äã
  are weighting factors (observed as œâ 
1
‚Äã
 +œâ 
2
‚Äã
 +œâ 
3
‚Äã
 =1). When all components achieve 1.000000, S 
A
‚Äã
 =1.000000.",0,0,0.5,,0,,,,,,
E&D_2,Does a score of amount of data equals to 0 mean that the dataset is empty?,"No, it means that the amount of data cannot be computed via the SPARQL endpoint and it is not declared in the metadata.","No, a score of 0 for ""Amount of data"" does not necessarily mean the dataset is completely empty. It means the dataset scored minimally (worst case) in the composite metrics for data volume, but some data might still exist (e.g., sparse entities, labels, or other minor elements).

Key Reasons:
Composite Metric Definition:
The ""Amount of data score"" is a linear combination of multiple sub-metrics (e.g., number of triples, entities, properties, labels). A score of 0 indicates poor performance across these metrics, not absolute emptiness.

Possible Partial Data:
A dataset could score 0 if:

Most metrics are missing/zero (e.g., no triples, entities).
One critical metric fails (e.g., missing SPARQL endpoint prevents metric calculation).
Metrics offset each other (e.g., low entity count cancels out a moderate label count).
Examples from Data:

Some entries show 0.000000 for metrics like Number of triples but non-zero values elsewhere (e.g., [""2025-07-13"",""dblp-kg"",""43.214000"",""Normalized score""]).
A dataset with Amount of data score = 0 might still have Number of labels > 0 (e.g., sparsely annotated data).
Metric Design:
The score's range ([0,1]) normalizes performance ‚Äî 0 = worst, 1 = best. A dataset isn‚Äôt required to be empty to score 0, only to perform poorly in the defined metrics.

When Could 0 Imply Emptiness?
Scenario	Example Metrics
‚úÖ All sub-metrics = 0
(e.g., no triples, entities, labels)	Number of triples (metadata) = 0, Number of entities = 0, Labels = 0
‚ùå Single critical failure
(e.g., missing SPARQL endpoint)	Number of triples linked = - (metric invalid), but other metrics might exist
Key Metadata Reference:

{
  ""Amount of data score"": {
    ""description"": ""Overall score for the amount of data dimension computed as a linear combination of the individual amount of data metrics scores"",
    ""input"": ""Amount of data metrics scores"",
    ""output"": ""[0,1]. Best value: 1."",
    ""dimension"": ""Amount of data""
  }
}
Conclusion:
To confirm whether a dataset is truly empty, inspect individual metrics like Number of triples, entities, or labels ‚Äî not just the aggregate score. A score of 0 signals severe insufficiency, not guaranteed emptiness.",1,1,0.5,,1,,,,,,
E&D_2,"If the amount-of-data score is 0, does that mean the dataset contains no data?","No, it means that the amount of data cannot be computed via the SPARQL endpoint and it is not declared in the metadata.","Based on the provided dataset quality metrics, an Amount of data score of 0 does not necessarily mean the dataset contains no data. Here's why:

Key Analysis
Composite Metric:
The ""Amount of data score"" is a linear combination of multiple metrics (e.g., Number of triples, Number of entities, Number of labels/comments).

A score of 0 could mean:
Some (but not all) metrics scored 0, dragging down the average.
Missing data for certain metrics (e.g., unresponsive SPARQL endpoints, unreachable metadata).
Dataset Examples:

dblp-kg has 0.000000 for Number of triples (metadata) on 2025-08-03 but 157,187,352 on 2025-09-07.
CIDOC-CRM reports 0.000000 for Number of triples (metadata) on multiple dates, yet other metrics (Believability score = 0.800) imply data exists.
Metric-Specific Zeroes:

A metric like Number of triples (metadata) may output 0 if:
The dataset lacks metadata-derivable triples (actual data may still exist).
The SPARQL endpoint is unavailable (output: ""-"").
An error occurred (output: ""False"").
In Summary
Scenario	Implications
All metrics = 0	Dataset likely has minimal/no data for measured dimensions (not necessarily all data).
Partial metrics = 0	Could be missing metadata, broken endpoints, or scoring edge cases.
Insufficient data flag	Some metrics explicitly return ""insufficient data"" errors (‚â† ""no data"").
Bottom Line
A score of 0 signals critical gaps in measured data dimensions, not absolute emptiness. Always validate with raw metrics (e.g., triples count, entity count) before concluding a dataset is empty.",1,1,1,,1,,,,,,
E&D_3,"When the availability score is 1, does it mean that both the SPARQL endpoint and the data dump are working?",Yes,"Based on the provided dataset and metric definitions, the availability score of 1 indicates that both the SPARQL endpoint and the RDF data dump are working and accessible. Here's the breakdown:

Key Findings
Metric Definitions:

A1-D Working access point(s):
This metric scores 1 if either the SPARQL endpoint or RDF dump is operational.
However, this is not sufficient alone for an overall availability score of 1.
Availability score:
This is a composite metric derived from availability-related checks (e.g., SPARQL endpoint, RDF dump) and scores 1 only when all critical availability criteria are met.
Dataset Examples:

dblp-kg (2025-08-03):
A1-D = 1 (operational SPARQL endpoint: https://sparql.dblp.org/sparql).
Availability for download (metadata) = 1 (RDF dump online).
Availability score = 1.
‚úÖ Both access points are operational.
LemmaBank (2025-09-07):
A1-D = 1 (SPARQL endpoint accessible).
Availability of RDF dump (query) = - (dump missing).
Availability score = 0.5.
‚ùå Availability score < 1 due to missing dump.
Failure Cases:
If either the SPARQL endpoint or dump fails:

NoiPA (2025-09-07):
SPARQL endpoint Available, but RDF dump offline ‚Üí Availability score = 0.5.
Conclusion
An availability score of 1 requires both the SPARQL endpoint and RDF dump to be functional. Partial availability (only one working access point) results in a score of ‚â§ 0.5.


| Dataset         | SPARQL Endpoint | RDF Dump | Availability Score |
|-----------------|-----------------|----------|--------------------|
| ‚úÖ `dblp-kg`    | Available       | Online   | 1.0                |
| ‚ùå `LemmaBank`  | Available       | Missing  | 0.5                |
| ‚ùå `NoiPA`      | Available       | Offline  | 0.5                |",0.5,0.5,0.5,correct but consider some metrics that are not in the availability dimension,"0.5",,,,,,
E&D_3,"if the availability score is 1, does that mean both the SPARQL endpoint and the data dump are up?",Yes,"To determine if an availability score of 1 implies both the SPARQL endpoint and data dump are operational:

Key Metrics Considered:

SPARQL Endpoint Availability: Status can be ""Available"", ""Offline"", or missing.
RDF Dump Availability: Status can be online (True/1), offline (False/0), or missing (-/-1).
A1-D Working Access Point(s): Scores 1 if either SPARQL or dump is operational, 0.5 if one is partially accessible, 0 otherwise.
Analysis of Data Points:

For dblp-kg (2025-08-03), the availability score was 1.000000, with both the SPARQL endpoint marked as ""Available"" and the RDF dump (metadata) scored as 1.000000 (online).
In contrast, datasets like bpr (2025-07-13) had a lower availability score (0.500000) when only the SPARQL endpoint was available, but the RDF dump was offline.
Conclusion:
The availability score aggregates multiple metrics, including SPARQL endpoint and RDF dump status. A score of 1 requires both the SPARQL endpoint and RDF dump to be fully operational, as partial availability results in a lower score.",0.5,0.5,0.5,,"0.5",,,,,,
E&D_4,"if license is set to 1, does it mean that an open license is used?","No, it means that a license is specified","Based on the provided dataset, a license value of ""1"" indicates that either a machine- or human-readable license is retrievable, but it does not explicitly confirm whether the license is an open license. However, an analysis of the dataset reveals:

Key Findings:
Metric R1.1 (Machine- or human-readable license retrievable) explicitly outputs:

1: License exists and is retrievable.
0: License not found.
Correlation with Open Licenses:

When R1.1 = 1, the associated licenses in the dataset are all open licenses:
http://www.opendefinition.org/licenses/cc-zero (CC0)
https://www.apache.org/licenses/LICENSE-2.0 (Apache 2.0)
https://creativecommons.org/licenses/by/3.0/deed.it (CC BY 3.0)
https://creativecommons.org/licenses/by-sa/3.0/ (CC BY-SA 3.0)
https://creativecommons.org/publicdomain/zero/1.0/ (CC0)
http://creativecommons.org/licenses/by/2.1/jp/ (CC BY 2.1 JP)
No closed/proprietary licenses appear in the dataset when R1.1 = 1.
Conclusion:
While license = 1 does not universally guarantee an open license, in this specific dataset:

All cases where R1.1 = 1 correspond to explicitly open licenses.

Example Evidence from the Dataset:

[""1.000000"",""bpr"",""2025-07-13"",""R1.1 ...""]
[""http://www.opendefinition.org/licenses/cc-by-sa"", ""bpr"", ""License machine redeable (metadata)"", ""2025-07-13""]
[""http://creativecommons.org/licenses/by/4.0/"", ""micro-coronavirus"", ""License machine redeable (query)"", ""2025-07-13""]
Notes:
License detection methods: The _machine_readable_license_metadata_is_retrievable and _human_readable_license_query_is_retrievable metrics validate license presence but not openness.
Open license identification: Requires explicit checks of the license URL/content against known open licenses (e.g., SPDX identifiers).
Exception handling: A value of 1 paired with False in License machine redeable (metadata) indicates non-open licenses (e.g., [""False"", ""CIDOC-CRM"", ""License machine redeable (metadata)"", ""2025-07-13""]).
Final Answer:
Yes, in this dataset, a license set to 1 implies an open license is used, but rigorously validating openness requires inspecting the license URL/terms directly.",1,1,1,,1,,,,,,
E&D_4,"If license is set to 1, does it mean that an open license is used?","No, it means that a license is specified","Based on the provided metadata and license specifications:

Key Findings:

License Retrieval Metric:

The parameter R1.1 Machine- or human-readable license retrievable via any primary source defines:
Output: 1: license explicitly reported; 0: otherwise
Dimension: FAIR
(This metric only verifies whether any license is retrievable, not whether it is open).
Open License Confirmation:

A license = 1 does not guarantee an open license‚Äîit only confirms the presence of a retrievable license (which could be proprietary, restrictive, or open).
To confirm if a license is open, you must inspect the specific license URI (e.g., http://www.opendefinition.org/licenses/cc-zero is open, while a custom/proprietary URL may not be).
Summary Table
Metric        Value 1 Meaning        Open License?
R1.1 (license retrievable)        License exists and is retrievable        Not necessarily‚Äîcheck URI
Specific license (e.g., cc-zero, Apache-2.0)        License URI explicitly denotes openness        ‚úîÔ∏è Yes
Key Examples from Data
Open Licenses Used (when license = 1 in some entries):

http://www.opendefinition.org/licenses/cc-zero
https://www.apache.org/licenses/LICENSE-2.0
http://creativecommons.org/licenses/by/4.0/
Conclusion:
license = 1 means a license is retrievable, but openness depends on the specific license URI. Always validate the license URI against open license definitions (e.g., SPDX).",1,1,1,,1,,,,,,
E&D_5,"If verifiability is set to 1, does it mean that all information about providers are set?",Yes,"Based on the provided dataset and the definitions of the verifiability metrics, if the Verifiability score is set to 1, it means that all underlying verifiability-related provider information is complete and verified. Here's why:

Key Verifiability Metrics
Sources: Indicates whether authors, contributors, publishers, and data sources are stated in metadata.
Output: string if present; False if absent.
Author (metadata) & Author (query): Checks if authors are indicated in metadata or retrievable via SPARQL.
Publisher: Verifies if publisher details are retrievable.
Contributor: Checks if contributor information is present.
Signed: Confirms whether the dataset is cryptographically signed (a trust marker).
Verifiability Score Calculation
The Verifiability score is a linear combination of these individual metrics. A score of 1 implies that:

All provider information (authors, publishers, contributors, sources) is explicitly stated.
The dataset is signed (if applicable).
No critical information is missing (False/[]/- outputs).
Evidence from the Dataset
No entry has a Verifiability score of 1.000000 (the highest seen is 0.498333 for NoiPA).
Examples of incomplete provider information:
[""False"", ""Is on a trusted provider list"", ""2025-09-07"", ""LemmaBank""] (believability metric, but related).
[""CIDOC-CRM"", ""Author (metadata)"", ""2025-07-13"", ""Name: absent. email: absent""].
Conclusion
Verifiability = 1 means all provider information is fully set (no missing/wrong values).
In practice, achieving 1 requires all underlying verifiability metrics to return optimal values (e.g., non-empty strings, no False/[]).
Verifiability Score=1‚üπ 
‚é©
‚é®
‚éß
‚Äã
  
Sources
ÓÄ†
=False
Author
ÓÄ†
=False
‚ãÆ
Signed=True
‚Äã
",1,1,1,,1,,,,,,
E&D_5,"If the verifiability score is 1, does it mean that all provider information is available?",Yes,"No, a verifiability score of 1 does not necessarily mean all provider information is available. Here's why:

Verifiability Score Definition:

The verifiability score is a composite metric derived from multiple verifiability sub-metrics (e.g., presence of sources, dataset signing, metadata completeness). It ranges from 0 to 1, where 1 is optimal.
It measures the ability to verify the dataset's origins and metadata, not the completeness of provider-specific information like trustworthiness or identity.
Provider Information ‚â† Verifiability:

Provider trustworthiness (e.g., Is on a trusted provider list) is part of the believability dimension, not verifiability.
Metrics like Author, Contributor, or Publisher availability are included in verifiability, but a perfect verifiability score could still be achieved if other verifiability metrics compensate (e.g., signed metadata, retrievable licenses).
Data Observations:

Datasets like NoiPA achieve a verifiability score of 0.498 (non-maximal) despite missing author names (Author (metadata): Name: absent).
Even datasets with Verifiability score: 1 (if observed) might lack some provider details if other verifiability metrics (e.g., Signed: True) outweigh gaps.
Key Distinction:
Metric        Dimension        Impact on Verifiability Score
Sources availability        Verifiability        Direct
Signed dataset        Verifiability        Direct
Provider trustworthiness        Believability        None
Author/Publisher info        Verifiability        Partial (weighted)
Conclusion:
A verifiability score of 1 signifies excellent metadata verifiability but does not guarantee all provider-related details are present. For full provider transparency, additional metrics like Believability score or specific provider checks must be examined.",0,0,0.5,,0,,,,,,