Question_ID,Request,Expected_Response,Actual_Response,Voter 1,Voter 2,Voter 3,comment,Final,,,,,,
IR_1,"Retrieve the SPARQL endpoint status of NoiPA in the date September 7th, 2025?",On,"The SPARQL endpoint status of NoiPA on September 7th, 2025, is available.",1,1,1,,1,,,,,,
IR_1,Is the NoiPA SPARQL endpoint up in the last assessment?,On,"Yes, the NoiPA SPARQL endpoint is up according to the latest assessment.",1,1,1,,1,,,,,,
IR_2,Which is the amount of data of the LiLa Lemma Bank dataset?,"1,699,687","The amount of data of the LiLa Lemma Bank dataset is not explicitly provided in the given data. However, it is mentioned that the dataset contains approximately 200,000 canonical forms for Latin, which are modeled using the Ontolex ontology.",0,0,0,,0,,,,,,
IR_2,How many triples does LiLa Lemma Bank have?,"1,699,687","LiLa Lemma Bank has 200,000 canonical forms for Latin that are used to interlink the linguistic resources in the LiLa Knowledge Base.",0,0,0,,0,,,,,,
IR_3,Which is the license of the DBLP dataset?,CC-0,The license of the DBLP dataset is under the Creative Commons Attribution 4.0 International License (CC BY 4.0).,0,0,0,,0,,,,,,
IR_3,How is DBLP licensed?,CC-0,"DBLP is licensed under the Creative Commons Attribution 4.0 International License (CC BY 4.0). This means that users are free to share and adapt the work, as long as they give appropriate credit, indicate if changes were made, and do not use the material for commercial purposes.",0,0,0,,0,,,,,,
IR_4,Which is the accuracy score of WordNet?,0.00,The accuracy score of WordNet is 1.000000.,0,0,0,,0,,,,,,
IR_4,How accurate is WordNet?,0.00,"The accuracy of WordNet varies depending on the specific metric being evaluated. Here are some accuracy scores for WordNet across different dates:

- **2025-07-13**: Accuracy score = 0.000000
- **2025-08-03**: Accuracy score = 0.000000
- **2025-09-07**: Accuracy score = 0.000000

These scores indicate that WordNet has an accuracy score of 0.000000 across these dates, suggesting that it may not be highly accurate according to this specific metric.",1,1,1,,1,,,,,,
IR_5,What is the trust value of the Linked Open Camera dataset?,0.5,The trust value of the Linked Open Camera dataset is 0.750000.,0,0,0,,0,,,,,,
IR_5,How trustworthy is the Linked Open Camera dataset?,0.5," The Linked Open Camera dataset has a Trust value of 0.750000 for both 2025-05-04 and 2025-07-13. This indicates a high level of trustworthiness for the dataset.
",0,0,0,,0,,,,,,
TA_1,Is the number of triples of NoiPA retrieved via the SPARQL endpoint always the same?,"No, they slightly increase over time.","No, the number of triples retrieved via the SPARQL endpoint can vary depending on the specific query and the state of the dataset at the time of the query. The results provided here show different numbers of triples for different queries and dates.",0,0,0,,0,,,,,,
TA_1,The number of triples of NoiPA retrieved via the SPARQL endpoint is constant?,"No, they slightly increase over time.","Yes, the number of triples of NoiPA retrieved via the SPARQL endpoint is constant across different dates.",0,0,0,,0,,,,,,
TA_2,Is the SPARQL endpoint of DBLP always available?,Yes,"Yes, the SPARQL endpoint of DBLP is always available.",1,1,1,,1,,,,,,
TA_2,Is the DBLP SPARQL endpoint always up?,Yes,"Yes, the DBLP SPARQL endpoint is always up.",1,1,1,,1,,,,,,
TA_3,Is the data dump of the Allie Abbreviation And Long Form dataset always set to 1 in the observed period?,"No, it is discontinuous","No, the data dump of the Allie Abbreviation And Long Form dataset is not always set to 1 in the observed period. The dataset has multiple versions and updates over time.",1,1,1,,1,,,,,,
TA_3,Is the data dump of the Allie Abbreviation And Long Form dataset always up?,"No, it is discontinuous","No, the data dump of the Allie Abbreviation And Long Form dataset is not always up. The availability of the data dump varies across different dates and datasets. For example, on 2025-05-04, the data dump was not available, but on 2025-06-01, it was available. Similarly, on 2025-07-13, the data dump was not available, but on 2025-08-03, it was available again.",1,1,1,,1,,,,,,
TA_4,Is the accuracy of NoiPA constant over time?,No,"The accuracy of NoiPA appears to be consistent over time, with an accuracy score of 1.000000 across multiple dates. This indicates that the accuracy of NoiPA has remained stable and reliable over the period assessed.",0,0,0,,0,,,,,,
TA_4,Does the accuracy of NoiPA remain consistent over time?,No,"The accuracy of NoiPA appears to be consistently high across different time periods, as indicated by the Accuracy scores provided in the data. This suggests that the quality and reliability of the data have been maintained over time.",0,0,0,,0,,,,,,
TA_5,What is the longest continuous period in which the Allie Abbreviation And Long Form dataset data dump has been equals to 1?,91 days,The longest continuous period in which the Allie Abbreviation And Long Form dataset data dump has been available is 1 year.,0,0,0,,0,,,,,,
TA_5,"For how long, without interruption, has the Allie Abbreviation And Long Form dataset data dump remained up?",91 days,The Allie Abbreviation And Long Form dataset data dump has been up without interruption since its creation.,0,0,0,,0,,,,,,
Co_1,Which dataset has the highest number of triples?,DBLP,"The dataset with the highest number of triples is ""NoiPA"" with 352,748,967,000,000 triples.",0,0,0,,0,,,,,,
Co_1,Which is the biggest dataset among the compared ones?,DBLP,"The biggest dataset among the compared ones is the ""dblp-kg"" dataset with 157187352.000000 Number of triples (metadata).",1,1,1,,1,,,,,,
Co_2,Which is the dataset performing worst in the license metric?,CIDOC-CRM,"The dataset performing worst in the license metric is ""bbc-programmes"" with a Licensing score of 0.0 across multiple dates.",0,0,0,,0,,,,,,
Co_2,Which is the worst performing dataset in the license metric?,CIDOC-CRM,"The worst performing dataset in the license metric is CIDOC-CRM, with a Licensing score of 0.0 across multiple dates.",1,1,1,,1,,,,,,
Co_3,What is the mean score for the accuracy dimension?,0.50,"The mean score for the accuracy dimension is computed as a linear combination of the individual accuracy metrics scores, resulting in a value between 0 and 1. The best value for accuracy is 1.",0,0,0,,0,,,,,,
Co_3,What is the mean value of the accuracy dimension?,0.50,"The mean value of the accuracy dimension is 0.5, indicating that the average accuracy score across the datasets is 50%.",1,1,1,,1,,,,,,
Co_4,What is the best observed score in the Verifiability dimension?,"0.4983 (NoiPA, Allie, Bathing Water Quality)",The best observed score in the Verifiability dimension is 1.000000.,0,0,0,,0,,,,,,
Co_4,What is the highest observed Verifiability score?,"0.4983 (NoiPA, Allie, Bathing Water Quality)",The highest observed Verifiability score is 1.000000.,0,0,0,,0,,,,,,
Co_5,What are the highest-performing dimensions in September 2025?,"License, Performance, Accuracy, Believability, Currency, Timeliness, Security, Conciseness and Interpretability","The highest-performing dimensions in September 2025 include ""25th percentile throughput"", ""25th percentile latency"", ""25th percentile length URIs (object)"", ""25th percentile length URIs (predicate)"", and ""25th percentile length URIs (subject)"" with scores ranging from 3.000000 to 101.000000 across different datasets such as bpr, dblp-kg, NoiPA, environment-agency-bathing-water-quality, w3c-wordnet, miro-coronavirus, CIDOC-CRM, and Lemmabank.",0,0,0,,0,,,,,,
Co_5,What are the dimensions performing better in September 2025?,"License, Performance, Accuracy, Believability, Currency, Timeliness, Security, Conciseness and Interpretability","The dimensions that performed well in September 2025 include ""25th percentile length URIs (object)"" and ""75th percentile length URIs (subject)"", both achieving perfect scores of 1.0 across various datasets such as bpr, dblp-kg, NoiPA, environment-agency-bathing-water-quality, w3c-wordnet, CIDOC-CRM, Lemmabank, and others. Additionally, several other dimensions like ""A score"", ""I score"", ""R score"", ""F score"", ""Interpretability score"", ""Representational-Consistency score"", ""Conciseness score"", ""Extensional conciseness"", ""Intensional conciseness"", ""Availability score"", ""Performance score"", ""Licensing score"", ""Security score"", ""Currency score"", ""Versatility score"", ""Amount of data score"", ""Believability score"", ""Trust value"", ""Completeness score"", ""Reputation score"", and more also show high performance or improvement over time.",0,0,0,,0,,,,,,
E&D_1,Why is the availability score equals to 1 for the DBLP dataset?,Because all the metrics in the availability dimension can be correctly computed,"The availability score being equal to 1 indicates that the DBLP dataset has high availability according to the criteria evaluated. This could mean that the dataset is easily accessible, either through a reliable SPARQL endpoint or through readily available RDF dumps. Additionally, it suggests that there were no issues encountered when attempting to retrieve the dataset using these methods.",0.5,0.5,0.5,uri deref,"0.5",,,,,,
E&D_1,Why does the DBLP dataset have an availability score of 1?,Because all the metrics in the availability dimension can be correctly computed,"The DBLP dataset has an availability score of 1 because it meets all the criteria for high availability. This includes having a functioning SPARQL endpoint, providing an RDF dump for download, and ensuring that both methods provide complete and accurate data. Additionally, the dataset adheres to standards like using HTTPS and providing detailed metadata about its contents and structure. These factors contribute to its perfect availability score.",0,0,0.5,,0,,,,,,
E&D_2,Does a score of amount of data equals to 0 mean that the dataset is empty?,"No, it means that the amount of data cannot be computed via the SPARQL endpoint and it is not declared in the metadata.","No, a score of 0 for the amount of data dimension indicates that there is no data available for this specific metric within the dataset. It doesn't necessarily imply that the entire dataset is empty, but rather suggests that this particular aspect of the data has not been measured or is not applicable.",1,1,1,,1,,,,,,
E&D_2,"If the amount-of-data score is 0, does that mean the dataset contains no data?","No, it means that the amount of data cannot be computed via the SPARQL endpoint and it is not declared in the metadata.","No, an Amount of Data Score of 0 indicates that there is no data related to the specific metric being measured within the dataset. It doesn't necessarily imply that the entire dataset lacks data but rather highlights areas where data might be lacking.",1,1,1,,1,,,,,,
E&D_3,"When the availability score is 1, does it mean that both the SPARQL endpoint and the data dump are working?",Yes,"Yes, when the availability score is 1, it indicates that both the SPARQL endpoint and the data dump are fully operational and accessible.",1,1,1,,1,,,,,,
E&D_3,"if the availability score is 1, does that mean both the SPARQL endpoint and the data dump are up?",Yes,"Yes, an availability score of 1 indicates that both the SPARQL endpoint and the data dump are fully operational and accessible.",1,1,1,,1,,,,,,
E&D_4,"if license is set to 1, does it mean that an open license is used?","No, it means that a license is specified","Yes, if `license` is set to 1, it means that an open license is used. This indicates that the dataset is freely accessible under certain conditions specified by the chosen open license.",0,0,0,,0,,,,,,
E&D_4,"If license is set to 1, does it mean that an open license is used?","No, it means that a license is specified","Yes, setting `_machine_readable_license_metadata` to 1 indicates that an open license is used. This means that the dataset's metadata includes information about the type of open license applied to the dataset.",0,0,0,,0,,,,,,
E&D_5,"If verifiability is set to 1, does it mean that all information about providers are set?",Yes,"Yes, if ""verifiability"" refers specifically to the presence and correctness of information about providers, then setting this metric to 1 indicates that all relevant information about providers has been accurately included and verified within the dataset. This typically includes details like names, affiliations, contact information, and other pertinent details necessary for identifying and crediting the providers involved in creating or maintaining the dataset.",1,1,1,,1,,,,,,
E&D_5,"If the verifiability score is 1, does it mean that all provider information is available?",Yes,"Yes, a verifiability score of 1 indicates that all provider information is available.",1,1,1,,1,,,,,,